Workbook

Sheet linkedIn_filter_evaluation
A1: ID | B1: Category | C1: Companies | D1: no linkedins | E1: LinkedIn URL | F1: Total Headcount | G1: filter_broad_yes | H1: filter_strict_no | I1: filter_broad_yes_strict_no | J1: filter_non_english_keywords_CV
A2: comparator_1 | B2: AI Orgs | C2: NVIDIA | D2: https://research.nvidia.com/research-labs | E2: https://www.linkedin.com/company/nvidia/ | F2: 43000 | G2: 3500 | H2: 2500 | I2: 974 | J2: 27000
A3: comparator_2 | B3: AI Orgs | C3: Meta | E3: https://www.linkedin.com/company/meta/ | F3: 70000 | G3: 8800 | H3: 4200 | I3: 2100 | J3: 39000
A4: comparator_3 | B4: AI Orgs | C4: Microsoft | E4: https://www.linkedin.com/showcase/microsoftresearch/ | F4: 22000 | G4: 8200 | H4: 4500 | I4: 1200 | J4: 80000
A5: comparator_4 | B5: AI Orgs | C5: Amazon | E5: https://www.linkedin.com/showcase/amazonscience/ | F5: 540000 | G5: 11000 | H5: 6700 | I5: 1600 | J5: 140000
A6: comparator_5 | B6: AI Orgs | C6: OpenAI | E6: https://www.linkedin.com/company/openai/ | F6: 6500 | G6: 671 | H6: 391 | I6: 175 | J6: 3200
A7: comparator_6 | B7: AI Orgs | C7: Google DeepMind | E7: https://www.linkedin.com/company/googledeepmind/ | F7: 6500 | G7: 1900 | H7: 1100 | I7: 801 | J7: 3500
A8: comparator_7 | B8: AI Orgs | C8: Anthropic | E8: https://www.linkedin.com/company/anthropic/ | F8: 2000 | G8: 276 | H8: 140 | I8: 76 | J8: 1200
A9: comparator_8 | B9: AI Orgs | C9: xAI | E9: https://www.linkedin.com/company/xai/ | F9: 3000 | G9: 177 | H9: 83 | I9: 42 | J9: 725
A10: comparator_9 | B10: AI Orgs | C10: AI2 | E10: https://www.linkedin.com/company/allen-ai/ | F10: 313 | G10: 103 | H10: 52 | I10: 40 | J10: 179
A11: comparator_10 | B11: AI Orgs | C11: Mila-Quebec Artificial Intelligence Institute | E11: https://www.linkedin.com/school/mila-quebec/ | F11: 872 | G11: 424 | H11: 163 | I11: 130 | J11: 682
A12: comparator_11 | B12: AI Orgs | C12: Law Zero | E12: https://www.linkedin.com/company/lawzero/ | F12: 11 | G12: 4 | H12: 2 | I12: 1 | J12: 7
A13: comparator_12 | B13: AI Orgs | C13: Thinking Machines Lab | D13: https://thinkingmachines.ai/ | F13: 67 | G13: 22 | H13: 15 | I13: 12 | J13: 40
A14: comparator_13 | B14: AI Orgs | C14: Hugging Face | E14: https://www.linkedin.com/company/huggingface/ | F14: 603 | G14: 91 | H14: 48 | I14: 14 | J14: 217
A15: comparator_14 | B15: AI Orgs | C15: Midjourney | E15: https://www.linkedin.com/company/midjourney/ | F15: 171 | G15: 16 | H15: 15 | I15: 7 | J15: 79
A16: comparator_15 | B16: AI Orgs | C16: Cohere | E16: https://www.linkedin.com/company/cohere-ai/ | F16: 810 | G16: 183 | H16: 73 | I16: 42 | J16: 494
A17: comparator_16 | B17: AI Orgs | C17: Perplexity AI | E17: https://www.linkedin.com/company/perplexity-ai/ | F17: 1000 | G17: 135 | H17: 25 | I17: 7 | J17: 532
A18: comparator_17 | B18: AI Orgs | C18: Mistral AI | E18: https://www.linkedin.com/company/mistralai/ | F18: 440 | G18: 80 | H18: 52 | I18: 32 | J18: 305
A19: comparator_18 | B19: AI Orgs | C19: Character.AI | E19: https://www.linkedin.com/company/character-ai/ | F19: 207 | G19: 20 | H19: 9 | I19: 3 | J19: 68
A20: comparator_19 | B20: AI Orgs | C20: AI21 Labs | E20: https://www.linkedin.com/company/ai21/ | F20: 250 | G20: 17 | H20: 24 | I20: 8 | J20: 34
A21: comparator_20 | B21: AI Orgs | C21: Baidu Research (Baidu USA) | E21: https://www.linkedin.com/company/baidu-usa/ | F21: 238 | G21: 14 | H21: 7 | I21: 3 | J21: 73
A22: comparator_21 | B22: NON AI Orgs | C22: Patagonia | E22: https://www.linkedin.com/company/patagonia_2/ | F22: 3500 | G22: 0 | H22: 1 | I22: 0 | J22: 816
A23: comparator_22 | B23: NON AI Orgs | C23: The North Face | E23: https://www.linkedin.com/company/the-north-face/ | F23: 4500 | G23: 2 | H23: 0 | I23: 0 | J23: 1100
A24: comparator_23 | B24: NON AI Orgs | C24: YETI | E24: https://www.linkedin.com/company/yeti/ | F24: 2000 | G24: 5 | H24: 0 | I24: 0 | J24: 359
A25: comparator_24 | B25: NON AI Orgs | C25: Hydro Flask | E25: https://www.linkedin.com/company/hydro-flask/ | F25: 135 | G25: 0 | H25: 1 | I25: 0 | J25: 18
... A39: comparator_38 | B39: NON AI Orgs | C39: Burberry | E39: https://www.linkedin.com/company/burberry/ | F39: 8500 | G39: 5 | H39: 2 | I39: 0 | J39: 2400

Sheet llm_based_evaluation
A1: ID | B1: company | C1: claude_total_employees | D1: claude_total_rejected | E1: claude_total_accepted | F1: gpt5_total_employees | G1: gpt5_total_rejected | H1: gpt5_total_accepted | I1: gemini_total_employees | J1: gemini_total_rejected | K1: gemini_total_accepted
A2: comparator_34 | B2: the-coca-cola-company | C2: 31026 | D2: 31023 | E2: 3 | F2: 31014 | G2: 31005 | H2: 9 | I2: 30616 | J2: 30586 | K2: 30
A3: comparator_11 | B3: lawzero | C3: 8 | D3: 4 | E3: 4 | F3: 8 | G3: 3 | H3: 5 | I3: 8 | J3: 3 | K3: 5
A4: comparator_14 | B4: midjourney | C4: 88 | D4: 77 | E4: 11 | F4: 88 | G4: 75 | H4: 13 | I4: 88 | J4: 68 | K4: 20
A5: comparator_24 | B5: hydro-flask | C5: 93 | D5: 93 | E5: 0 | F5: 93 | G5: 93 | H5: 0 | I5: 92 | J5: 92 | K5: 0
A6: comparator_26 | B6: london-symphony-orchestra | C6: 110 | D6: 110 | E6: 0 | F6: 110 | G6: 110 | H6: 0 | I6: 110 | J6: 110 | K6: 0
A7: comparator_27 | B7: museo-nacional-del-prado | C7: 120 | D7: 120 | E7: 0 | F7: 120 | G7: 120 | H7: 0 | I7: 117 | J7: 117 | K7: 0
A8: comparator_18 | B8: character-ai | C8: 132 | D8: 123 | E8: 9 | F8: 132 | G8: 122 | H8: 10 | I8: 132 | J8: 107 | K8: 25
A9: comparator_20 | B9: baidu-usa | C9: 162 | D9: 156 | E9: 6 | F9: 162 | G9: 150 | H9: 12 | I9: 156 | J9: 130 | K9: 26
A10: comparator_25 | B10: new-york-philharmonic | C10: 178 | D10: 178 | E10: 0 | F10: 178 | G10: 178 | H10: 0 | I10: 176 | J10: 176 | K10: 0
A11: comparator_19 | B11: ai21 | C11: 221 | D11: 204 | E11: 17 | F11: 221 | G11: 198 | H11: 23 | I11: 218 | J11: 180 | K11: 38
A12: comparator_9 | B12: allen-ai | C12: 255 | D12: 183 | E12: 72 | F12: 255 | G12: 175 | H12: 80 | I12: 252 | J12: 146 | K12: 106
A13: comparator_17 | B13: mistralai | C13: 293 | D13: 232 | E13: 61 | F13: 292 | G13: 219 | H13: 73 | I13: 290 | J13: 190 | K13: 100
... A31: comparator_36 | B31: sherwin-williams | C31: 34617 | D31: 34616 | E31: 1 | F31: 34623 | G31: 34621 | H31: 2 | I31: 34225 | J31: 34219 | K31: 6

Sheet ML ORGS
A1: ID | B1: Organization Name | C1: Category_ML_Org | D1: Source | E1: Founded Date | F1: Headquarters Location | G1: LinkedIn | H1: {=XLOOKUP(A1,linkedIn_filter_evaluation!A:A,linkedIn_filter_evaluation!F:J)} | I1: filter_broad_yes | J1: filter_strict_no | K1: filter_broad_yes_strict_no | L1: filter_non_english_keywords_CV | M1: {=XLOOKUP(A1,llm_based_evaluation!A:A,llm_based_evaluation!C:K)} | N1: claude_total_rejected | O1: claude_total_accepted | P1: gpt5_total_employees | Q1: gpt5_total_rejected | R1: gpt5_total_accepted | S1: gemini_total_employees | T1: gemini_total_rejected | U1: gemini_total_accepted | V1: LLM_count_within_3x_filter | W1: max_headcount_more_than_ten | X1: max_population | Y1: max_percentage | Z1: talent_dense | AA1: Stage Reached | AB1: category
A2: comparator_1 | B2: NVIDIA | C2: Established_ML_Org | D2: Manual Selection | E2: 1993 | F2: United States | G2: https://www.linkedin.com/company/nvidia/ | H2: {=XLOOKUP(A2,linkedIn_filter_evaluation!A:A,linkedIn_filter_evaluation!F:J)} | I2: 3500 | J2: 2500 | K2: 974 | L2: 27000 | M2: {=XLOOKUP(A2,llm_based_evaluation!A:A,llm_based_evaluation!C:K)} | V2: =NOT(OR(H2>=N2*3, H2<=N2/3)) | W2: =H2>=10 | X2: =Max(I2:K2,O2,R2,U2)>=5 | Y2: =IF(H2>0, Max(I2:K2,O2,R2,U2)/H2>=0.01,FALSE) | Z2: FALSE
A3: comparator_2 | B3: Meta | C3: Established_ML_Org | D3: Manual Selection | E3: 2004 | F3: United States | G3: https://www.linkedin.com/company/meta/ | H3: {=XLOOKUP(A3,linkedIn_filter_evaluation!A:A,linkedIn_filter_evaluation!F:J)} | I3: 8800 | J3: 4200 | K3: 2100 | L3: 39000 | M3: {=XLOOKUP(A3,llm_based_evaluation!A:A,llm_based_evaluation!C:K)} | V3: =NOT(OR(H3>=N3*3, H3<=N3/3)) | W3: =H3>=10 | X3: =Max(I3:K3,O3,R3,U3)>=5 | Y3: =IF(H3>0, Max(I3:K3,O3,R3,U3)/H3>=0.01,FALSE) | Z3: FALSE
A4: comparator_3 | B4: Microsoft | C4: Established_ML_Org | D4: Manual Selection | E4: 1975 | F4: United States | G4: https://www.linkedin.com/showcase/microsoftresearch/ | H4: {=XLOOKUP(A4,linkedIn_filter_evaluation!A:A,linkedIn_filter_evaluation!F:J)} | I4: 8200 | J4: 4500 | K4: 1200 | L4: 80000 | M4: {=XLOOKUP(A4,llm_based_evaluation!A:A,llm_based_evaluation!C:K)} | V4: =NOT(OR(H4>=N4*3, H4<=N4/3)) | W4: =H4>=10 | X4: =Max(I4:K4,O4,R4,U4)>=5 | Y4: =IF(H4>0, Max(I4:K4,O4,R4,U4)/H4>=0.01,FALSE) | Z4: FALSE
A5: comparator_4 | B5: Amazon | C5: Established_ML_Org | D5: Manual Selection | E5: 1994 | F5: United States | G5: https://www.linkedin.com/showcase/amazonscience/ | H5: {=XLOOKUP(A5,linkedIn_filter_evaluation!A:A,linkedIn_filter_evaluation!F:J)} | I5: 11000 | J5: 6700 | K5: 1600 | L5: 140000 | M5: {=XLOOKUP(A5,llm_based_evaluation!A:A,llm_based_evaluation!C:K)} | V5: =NOT(OR(H5>=N5*3, H5<=N5/3)) | W5: =H5>=10 | X5: =Max(I5:K5,O5,R5,U5)>=5 | Y5: =IF(H5>0, Max(I5:K5,O5,R5,U5)/H5>=0.01,FALSE) | Z5: FALSE
A6: comparator_5 | B6: OpenAI | C6: Established_ML_Org | D6: Manual Selection | E6: 2015 | F6: United States | G6: https://www.linkedin.com/company/openai/ | H6: {=XLOOKUP(A6,linkedIn_filter_evaluation!A:A,linkedIn_filter_evaluation!F:J)} | I6: 671 | J6: 391 | K6: 175 | L6: 3200 | M6: {=XLOOKUP(A6,llm_based_evaluation!A:A,llm_based_evaluation!C:K)} | N6: 3347 | O6: 397 | P6: 3743 | Q6: 3289 | R6: 454 | S6: 3699 | T6: 2854 | U6: 845 | V6: =NOT(OR(H6>=N6*3, H6<=N6/3)) | W6: =H6>=10 | X6: =Max(I6:K6,O6,R6,U6)>=5 | Y6: =IF(H6>0, Max(I6:K6,O6,R6,U6)/H6>=0.01,FALSE) | Z6: FALSE
A7: comparator_6 | B7: Google DeepMind | C7: Established_ML_Org | D7: Manual Selection | E7: 2010 | F7: United Kingdom | G7: https://www.linkedin.com/company/googledeepmind/ | H7: {=XLOOKUP(A7,linkedIn_filter_evaluation!A:A,linkedIn_filter_evaluation!F:J)} | I7: 1900 | J7: 1100 | K7: 801 | L7: 3500 | M7: {=XLOOKUP(A7,llm_based_evaluation!A:A,llm_based_evaluation!C:K)} | N7: 3025 | O7: 1285 | P7: 4309 | Q7: 2979 | R7: 1330 | S7: 4262 | T7: 2459 | U7: 1803 | V7: =NOT(OR(H7>=N7*3, H7<=N7/3)) | W7: =H7>=10 | X7: =Max(I7:K7,O7,R7,U7)>=5 | Y7: =IF(H7>0, Max(I7:K7,O7,R7,U7)/H7>=0.01,FALSE) | Z7: FALSE
A8: comparator_7 | B8: Anthropic | C8: Established_ML_Org | D8: Manual Selection | E8: 2021 | F8: United States | G8: https://www.linkedin.com/company/anthropic/ | H8: {=XLOOKUP(A8,linkedIn_filter_evaluation!A:A,linkedIn_filter_evaluation!F:J)} | I8: 276 | J8: 140 | K8: 76 | L8: 1200 | M8: {=XLOOKUP(A8,llm_based_evaluation!A:A,llm_based_evaluation!C:K)} | V8: =NOT(OR(H8>=N8*3, H8<=N8/3)) | W8: =H8>=10 | X8: =Max(I8:K8,O8,R8,U8)>=5 | Y8: =IF(H8>0, Max(I8:K8,O8,R8,U8)/H8>=0.01,FALSE) | Z8: FALSE
A9: comparator_8 | B9: xAI | C9: Established_ML_Org | D9: Manual Selection | E9: 2023 | F9: United States | G9: https://www.linkedin.com/company/xai/ | H9: {=XLOOKUP(A9,linkedIn_filter_evaluation!A:A,linkedIn_filter_evaluation!F:J)} | I9: 177 | J9: 83 | K9: 42 | L9: 725 | M9: {=XLOOKUP(A9,llm_based_evaluation!A:A,llm_based_evaluation!C:K)} | N9: 1041 | O9: 69 | P9: 1111 | Q9: 1027 | R9: 84 | S9: 1096 | T9: 873 | U9: 223 | V9: =NOT(OR(H9>=N9*3, H9<=N9/3)) | W9: =H9>=10 | X9: =Max(I9:K9,O9,R9,U9)>=5 | Y9: =IF(H9>0, Max(I9:K9,O9,R9,U9)/H9>=0.01,FALSE) | Z9: FALSE
A10: comparator_9 | B10: AI2 | C10: Established_ML_Org | D10: Manual Selection | E10: 2014 | F10: United States | G10: https://www.linkedin.com/company/allen-ai/ | H10: {=XLOOKUP(A10,linkedIn_filter_evaluation!A:A,linkedIn_filter_evaluation!F:J)} | I10: 103 | J10: 52 | K10: 40 | L10: 179 | M10: {=XLOOKUP(A10,llm_based_evaluation!A:A,llm_based_evaluation!C:K)} | N10: 183 | O10: 72 | P10: 255 | Q10: 175 | R10: 80 | S10: 252 | T10: 146 | U10: 106 | V10: =NOT(OR(H10>=N10*3, H10<=N10/3)) | W10: =H10>=10 | X10: =Max(I10:K10,O10,R10,U10)>=5 | Y10: =IF(H10>0, Max(I10:K10,O10,R10,U10)/H10>=0.01,FALSE) | Z10: FALSE
A11: comparator_10 | B11: Mila-Quebec Artificial Intelligence Institute | C11: Established_ML_Org | D11: Manual Selection | E11: 1993 | F11: Canada | G11: https://www.linkedin.com/school/mila-quebec/ | H11: {=XLOOKUP(A11,linkedIn_filter_evaluation!A:A,linkedIn_filter_evaluation!F:J)} | I11: 424 | J11: 163 | K11: 130 | L11: 682 | M11: {=XLOOKUP(A11,llm_based_evaluation!A:A,llm_based_evaluation!C:K)} | V11: =NOT(OR(H11>=N11*3, H11<=N11/3)) | W11: =H11>=10 | X11: =Max(I11:K11,O11,R11,U11)>=5 | Y11: =IF(H11>0, Max(I11:K11,O11,R11,U11)/H11>=0.01,FALSE) | Z11: FALSE
A12: comparator_11 | B12: LawZero | C12: Established_ML_Org | D12: Manual Selection | E12: 2025 | F12: Canada | G12: https://www.linkedin.com/company/lawzero/ | H12: {=XLOOKUP(A12,linkedIn_filter_evaluation!A:A,linkedIn_filter_evaluation!F:J)} | I12: 4 | J12: 2 | K12: 1 | L12: 7 | M12: {=XLOOKUP(A12,llm_based_evaluation!A:A,llm_based_evaluation!C:K)} | N12: 4 | O12: 4 | P12: 8 | Q12: 3 | R12: 5 | S12: 8 | T12: 3 | U12: 5 | V12: =NOT(OR(H12>=N12*3, H12<=N12/3)) | W12: =H12>=10 | X12: =Max(I12:K12,O12,R12,U12)>=5 | Y12: =IF(H12>0, Max(I12:K12,O12,R12,U12)/H12>=0.01,FALSE) | Z12: FALSE
A13: comparator_12 | B13: Thinking Machines Lab | C13: Established_ML_Org | D13: Manual Selection | E13: 2025 | F13: United States | H13: {=XLOOKUP(A13,linkedIn_filter_evaluation!A:A,linkedIn_filter_evaluation!F:J)} | I13: 22 | J13: 15 | K13: 12 | L13: 40 | M13: {=XLOOKUP(A13,llm_based_evaluation!A:A,llm_based_evaluation!C:K)} | V13: =NOT(OR(H13>=N13*3, H13<=N13/3)) | W13: =H13>=10 | X13: =Max(I13:K13,O13,R13,U13)>=5 | Y13: =IF(H13>0, Max(I13:K13,O13,R13,U13)/H13>=0.01,FALSE) | Z13: FALSE
A14: comparator_13 | B14: Hugging Face | C14: Established_ML_Org | D14: Manual Selection | E14: 2016 | F14: United States | G14: https://www.linkedin.com/company/huggingface/ | H14: {=XLOOKUP(A14,linkedIn_filter_evaluation!A:A,linkedIn_filter_evaluation!F:J)} | I14: 91 | J14: 48 | K14: 14 | L14: 217 | M14: {=XLOOKUP(A14,llm_based_evaluation!A:A,llm_based_evaluation!C:K)} | N14: 262 | O14: 67 | P14: 329 | Q14: 251 | R14: 78 | S14: 324 | T14: 210 | U14: 114 | V14: =NOT(OR(H14>=N14*3, H14<=N14/3)) | W14: =H14>=10 | X14: =Max(I14:K14,O14,R14,U14)>=5 | Y14: =IF(H14>0, Max(I14:K14,O14,R14,U14)/H14>=0.01,FALSE) | Z14: FALSE
A15: comparator_14 | B15: Midjourney | C15: Established_ML_Org | D15: Manual Selection | E15: 2021 | F15: United States | G15: https://www.linkedin.com/company/midjourney/ | H15: {=XLOOKUP(A15,linkedIn_filter_evaluation!A:A,linkedIn_filter_evaluation!F:J)} | I15: 16 | J15: 15 | K15: 7 | L15: 79 | M15: {=XLOOKUP(A15,llm_based_evaluation!A:A,llm_based_evaluation!C:K)} | N15: 77 | O15: 11 | P15: 88 | Q15: 75 | R15: 13 | S15: 88 | T15: 68 | U15: 20 | V15: =NOT(OR(H15>=N15*3, H15<=N15/3)) | W15: =H15>=10 | X15: =Max(I15:K15,O15,R15,U15)>=5 | Y15: =IF(H15>0, Max(I15:K15,O15,R15,U15)/H15>=0.01,FALSE) | Z15: FALSE
A16: comparator_15 | B16: Cohere | C16: Established_ML_Org | D16: Manual Selection | E16: 2019 | F16: Canada | G16: https://www.linkedin.com/company/cohere-ai/ | H16: {=XLOOKUP(A16,linkedIn_filter_evaluation!A:A,linkedIn_filter_evaluation!F:J)} | I16: 183 | J16: 73 | K16: 42 | L16: 494 | M16: {=XLOOKUP(A16,llm_based_evaluation!A:A,llm_based_evaluation!C:K)} | V16: =NOT(OR(H16>=N16*3, H16<=N16/3)) | W16: =H16>=10 | X16: =Max(I16:K16,O16,R16,U16)>=5 | Y16: =IF(H16>0, Max(I16:K16,O16,R16,U16)/H16>=0.01,FALSE) | Z16: FALSE
A17: comparator_16 | B17: Perplexity AI | C17: Established_ML_Org | D17: Manual Selection | E17: 2022 | F17: United States | G17: https://www.linkedin.com/company/perplexity-ai/ | H17: {=XLOOKUP(A17,linkedIn_filter_evaluation!A:A,linkedIn_filter_evaluation!F:J)} | I17: 135 | J17: 25 | K17: 7 | L17: 532 | M17: {=XLOOKUP(A17,llm_based_evaluation!A:A,llm_based_evaluation!C:K)} | N17: 555 | O17: 14 | P17: 569 | Q17: 551 | R17: 18 | S17: 564 | T17: 500 | U17: 64 | V17: =NOT(OR(H17>=N17*3, H17<=N17/3)) | W17: =H17>=10 | X17: =Max(I17:K17,O17,R17,U17)>=5 | Y17: =IF(H17>0, Max(I17:K17,O17,R17,U17)/H17>=0.01,FALSE) | Z17: FALSE
A18: comparator_17 | B18: Mistral AI | C18: Established_ML_Org | D18: Manual Selection | E18: 2023 | F18: France | G18: https://www.linkedin.com/company/mistralai/ | H18: {=XLOOKUP(A18,linkedIn_filter_evaluation!A:A,linkedIn_filter_evaluation!F:J)} | I18: 80 | J18: 52 | K18: 32 | L18: 305 | M18: {=XLOOKUP(A18,llm_based_evaluation!A:A,llm_based_evaluation!C:K)} | N18: 232 | O18: 61 | P18: 292 | Q18: 219 | R18: 73 | S18: 290 | T18: 190 | U18: 100 | V18: =NOT(OR(H18>=N18*3, H18<=N18/3)) | W18: =H18>=10 | X18: =Max(I18:K18,O18,R18,U18)>=5 | Y18: =IF(H18>0, Max(I18:K18,O18,R18,U18)/H18>=0.01,FALSE) | Z18: FALSE
A19: comparator_18 | B19: Character.AI | C19: Established_ML_Org | D19: Manual Selection | E19: 2021 | F19: United States | G19: https://www.linkedin.com/company/character-ai/ | H19: {=XLOOKUP(A19,linkedIn_filter_evaluation!A:A,linkedIn_filter_evaluation!F:J)} | I19: 20 | J19: 9 | K19: 3 | L19: 68 | M19: {=XLOOKUP(A19,llm_based_evaluation!A:A,llm_based_evaluation!C:K)} | N19: 123 | O19: 9 | P19: 132 | Q19: 122 | R19: 10 | S19: 132 | T19: 107 | U19: 25 | V19: =NOT(OR(H19>=N19*3, H19<=N19/3)) | W19: =H19>=10 | X19: =Max(I19:K19,O19,R19,U19)>=5 | Y19: =IF(H19>0, Max(I19:K19,O19,R19,U19)/H19>=0.01,FALSE) | Z19: FALSE
A20: comparator_19 | B20: AI21 Labs | C20: Established_ML_Org | D20: Manual Selection | E20: 2017 | F20: Israel | G20: https://www.linkedin.com/company/ai21/ | H20: {=XLOOKUP(A20,linkedIn_filter_evaluation!A:A,linkedIn_filter_evaluation!F:J)} | I20: 17 | J20: 24 | K20: 8 | L20: 34 | M20: {=XLOOKUP(A20,llm_based_evaluation!A:A,llm_based_evaluation!C:K)} | N20: 204 | O20: 17 | P20: 221 | Q20: 198 | R20: 23 | S20: 218 | T20: 180 | U20: 38 | V20: =NOT(OR(H20>=N20*3, H20<=N20/3)) | W20: =H20>=10 | X20: =Max(I20:K20,O20,R20,U20)>=5 | Y20: =IF(H20>0, Max(I20:K20,O20,R20,U20)/H20>=0.01,FALSE) | Z20: FALSE
A21: comparator_20 | B21: Baidu Research (Baidu USA) | C21: Established_ML_Org | D21: Manual Selection | E21: 2000 | F21: China | G21: https://www.linkedin.com/company/baidu-usa/ | H21: {=XLOOKUP(A21,linkedIn_filter_evaluation!A:A,linkedIn_filter_evaluation!F:J)} | I21: 14 | J21: 7 | K21: 3 | L21: 73 | M21: {=XLOOKUP(A21,llm_based_evaluation!A:A,llm_based_evaluation!C:K)} | N21: 156 | O21: 6 | P21: 162 | Q21: 150 | R21: 12 | S21: 156 | T21: 130 | U21: 26 | V21: =NOT(OR(H21>=N21*3, H21<=N21/3)) | W21: =H21>=10 | X21: =Max(I21:K21,O21,R21,U21)>=5 | Y21: =IF(H21>0, Max(I21:K21,O21,R21,U21)/H21>=0.01,FALSE) | Z21: FALSE

Sheet Non ML ORGs
A1: ID | B1: Organization Name | C1: Category_ML_Org | D1: Source | E1: Founded Date | F1: Headquarters Location | G1: LinkedIn | H1: {=XLOOKUP(A1,linkedIn_filter_evaluation!A:A,linkedIn_filter_evaluation!F:J)} | I1: filter_broad_yes | J1: filter_strict_no | K1: filter_broad_yes_strict_no | L1: filter_non_english_keywords_CV | M1: {=XLOOKUP(A1,llm_based_evaluation!A:A,llm_based_evaluation!C:K)} | N1: claude_total_rejected | O1: claude_total_accepted | P1: gpt5_total_employees | Q1: gpt5_total_rejected | R1: gpt5_total_accepted | S1: gemini_total_employees | T1: gemini_total_rejected | U1: gemini_total_accepted | V1: LLM_count_within_3x_filter | W1: max_headcount_more_than_ten | X1: max_population | Y1: max_percentage | Z1: talent_dense | AA1: Stage Reached | AB1: category
A2: comparator_21 | B2: Patagonia | C2: Non_ML_Org | D2: Manual Selection | E2: 1973 | F2: United States | G2: https://www.linkedin.com/company/patagonia_2/ | H2: {=XLOOKUP(A2,linkedIn_filter_evaluation!A:A,linkedIn_filter_evaluation!F:J)} | I2: 0 | J2: 1 | K2: 0 | L2: 816 | M2: {=XLOOKUP(A2,llm_based_evaluation!A:A,llm_based_evaluation!C:K)} | N2: 2544 | O2: 0 | P2: 2542 | Q2: 2542 | R2: 0 | S2: 2515 | T2: 2515 | U2: 0 | V2: =NOT(OR(H2>=N2*3, H2<=N2/3)) | W2: =H2>=10 | X2: =Max(I2:K2,O2,R2,U2)>=5 | Y2: =IF(H2>0, Max(I2:K2,O2,R2,U2)/H2>=0.01,FALSE) | Z2: TRUE
A3: comparator_22 | B3: The North Face | C3: Non_ML_Org | D3: Manual Selection | E3: 1966 | F3: United States | G3: https://www.linkedin.com/company/the-north-face/ | H3: {=XLOOKUP(A3,linkedIn_filter_evaluation!A:A,linkedIn_filter_evaluation!F:J)} | I3: 2 | J3: 0 | K3: 0 | L3: 1100 | M3: {=XLOOKUP(A3,llm_based_evaluation!A:A,llm_based_evaluation!C:K)} | N3: 3350 | O3: 0 | P3: 3351 | Q3: 3351 | R3: 0 | S3: 3315 | T3: 3315 | U3: 0 | V3: =NOT(OR(H3>=N3*3, H3<=N3/3)) | W3: =H3>=10 | X3: =Max(I3:K3,O3,R3,U3)>=5 | Y3: =IF(H3>0, Max(I3:K3,O3,R3,U3)/H3>=0.01,FALSE) | Z3: TRUE
A4: comparator_23 | B4: YETI | C4: Non_ML_Org | D4: Manual Selection | E4: 2006 | F4: United States | G4: https://www.linkedin.com/company/yeti/ | H4: {=XLOOKUP(A4,linkedIn_filter_evaluation!A:A,linkedIn_filter_evaluation!F:J)} | I4: 5 | J4: 0 | K4: 0 | L4: 359 | M4: {=XLOOKUP(A4,llm_based_evaluation!A:A,llm_based_evaluation!C:K)} | N4: 1144 | O4: 1 | P4: 1144 | Q4: 1144 | R4: 0 | S4: 1132 | T4: 1131 | U4: 1 | V4: =NOT(OR(H4>=N4*3, H4<=N4/3)) | W4: =H4>=10 | X4: =Max(I4:K4,O4,R4,U4)>=5 | Y4: =IF(H4>0, Max(I4:K4,O4,R4,U4)/H4>=0.01,FALSE) | Z4: TRUE
A5: comparator_24 | B5: Hydro Flask | C5: Non_ML_Org | D5: Manual Selection | E5: 2009 | F5: United States | G5: https://www.linkedin.com/company/hydro-flask/ | H5: {=XLOOKUP(A5,linkedIn_filter_evaluation!A:A,linkedIn_filter_evaluation!F:J)} | I5: 0 | J5: 1 | K5: 0 | L5: 18 | M5: {=XLOOKUP(A5,llm_based_evaluation!A:A,llm_based_evaluation!C:K)} | N5: 93 | O5: 0 | P5: 93 | Q5: 93 | R5: 0 | S5: 92 | T5: 92 | U5: 0 | V5: =NOT(OR(H5>=N5*3, H5<=N5/3)) | W5: =H5>=10 | X5: =Max(I5:K5,O5,R5,U5)>=5 | Y5: =IF(H5>0, Max(I5:K5,O5,R5,U5)/H5>=0.01,FALSE) | Z5: TRUE
A6: comparator_25 | B6: New York Philharmonic | C6: Non_ML_Org | D6: Manual Selection | E6: 1842 | F6: United States | G6: https://www.linkedin.com/company/new-york-philharmonic/ | H6: {=XLOOKUP(A6,linkedIn_filter_evaluation!A:A,linkedIn_filter_evaluation!F:J)} | I6: 0 | J6: 0 | K6: 0 | L6: 75 | M6: {=XLOOKUP(A6,llm_based_evaluation!A:A,llm_based_evaluation!C:K)} | N6: 178 | O6: 0 | P6: 178 | Q6: 178 | R6: 0 | S6: 176 | T6: 176 | U6: 0 | V6: =NOT(OR(H6>=N6*3, H6<=N6/3)) | W6: =H6>=10 | X6: =Max(I6:K6,O6,R6,U6)>=5 | Y6: =IF(H6>0, Max(I6:K6,O6,R6,U6)/H6>=0.01,FALSE) | Z6: TRUE
A7: comparator_26 | B7: London Symphony Orchestra | C7: Non_ML_Org | D7: Manual Selection | E7: 1904 | F7: United Kingdom | G7: https://www.linkedin.com/company/london-symphony-orchestra/ | H7: {=XLOOKUP(A7,linkedIn_filter_evaluation!A:A,linkedIn_filter_evaluation!F:J)} | I7: 0 | J7: 0 | K7: 0 | L7: 90 | M7: {=XLOOKUP(A7,llm_based_evaluation!A:A,llm_based_evaluation!C:K)} | N7: 110 | O7: 0 | P7: 110 | Q7: 110 | R7: 0 | S7: 110 | T7: 110 | U7: 0 | V7: =NOT(OR(H7>=N7*3, H7<=N7/3)) | W7: =H7>=10 | X7: =Max(I7:K7,O7,R7,U7)>=5 | Y7: =IF(H7>0, Max(I7:K7,O7,R7,U7)/H7>=0.01,FALSE) | Z7: TRUE
A8: comparator_27 | B8: Museo Nacional del Prado | C8: Non_ML_Org | D8: Manual Selection | E8: 1819 | F8: Spain | G8: https://www.linkedin.com/company/museo-nacional-del-prado/ | H8: {=XLOOKUP(A8,linkedIn_filter_evaluation!A:A,linkedIn_filter_evaluation!F:J)} | I8: 0 | J8: 0 | K8: 0 | L8: 202 | M8: {=XLOOKUP(A8,llm_based_evaluation!A:A,llm_based_evaluation!C:K)} | N8: 120 | O8: 0 | P8: 120 | Q8: 120 | R8: 0 | S8: 117 | T8: 117 | U8: 0 | V8: =NOT(OR(H8>=N8*3, H8<=N8/3)) | W8: =H8>=10 | X8: =Max(I8:K8,O8,R8,U8)>=5 | Y8: =IF(H8>0, Max(I8:K8,O8,R8,U8)/H8>=0.01,FALSE) | Z8: TRUE
A9: comparator_28 | B9: The British Museum | C9: Non_ML_Org | D9: Manual Selection | E9: 1753 | F9: United Kingdom | G9: https://www.linkedin.com/company/the-british-museum/ | H9: {=XLOOKUP(A9,linkedIn_filter_evaluation!A:A,linkedIn_filter_evaluation!F:J)} | I9: 0 | J9: 1 | K9: 0 | L9: 573 | M9: {=XLOOKUP(A9,llm_based_evaluation!A:A,llm_based_evaluation!C:K)} | N9: 910 | O9: 0 | P9: 910 | Q9: 910 | R9: 0 | S9: 903 | T9: 903 | U9: 0 | V9: =NOT(OR(H9>=N9*3, H9<=N9/3)) | W9: =H9>=10 | X9: =Max(I9:K9,O9,R9,U9)>=5 | Y9: =IF(H9>0, Max(I9:K9,O9,R9,U9)/H9>=0.01,FALSE) | Z9: TRUE
A10: comparator_29 | B10: Crocs, Inc. | C10: Non_ML_Org | D10: Manual Selection | E10: 2002 | F10: United States | G10: https://www.linkedin.com/company/crocsinc/ | H10: {=XLOOKUP(A10,linkedIn_filter_evaluation!A:A,linkedIn_filter_evaluation!F:J)} | I10: 3 | J10: 1 | K10: 0 | L10: 962 | M10: {=XLOOKUP(A10,llm_based_evaluation!A:A,llm_based_evaluation!C:K)} | N10: 3650 | O10: 0 | P10: 3652 | Q10: 3652 | R10: 0 | S10: 3608 | T10: 3608 | U10: 0 | V10: =NOT(OR(H10>=N10*3, H10<=N10/3)) | W10: =H10>=10 | X10: =Max(I10:K10,O10,R10,U10)>=5 | Y10: =IF(H10>0, Max(I10:K10,O10,R10,U10)/H10>=0.01,FALSE) | Z10: TRUE
A11: comparator_30 | B11: LVMH | C11: Non_ML_Org | D11: Manual Selection | E11: 1987 | F11: France | G11: https://www.linkedin.com/company/lvmh/ | H11: {=XLOOKUP(A11,linkedIn_filter_evaluation!A:A,linkedIn_filter_evaluation!F:J)} | I11: 17 | J11: 2 | K11: 0 | L11: 2900 | M11: {=XLOOKUP(A11,llm_based_evaluation!A:A,llm_based_evaluation!C:K)} | N11: 4356 | O11: 1 | P11: 4353 | Q11: 4348 | R11: 5 | S11: 4304 | T11: 4292 | U11: 12 | V11: =NOT(OR(H11>=N11*3, H11<=N11/3)) | W11: =H11>=10 | X11: =Max(I11:K11,O11,R11,U11)>=5 | Y11: =IF(H11>0, Max(I11:K11,O11,R11,U11)/H11>=0.01,FALSE) | Z11: TRUE
A12: comparator_31 | B12: HarperCollins Publishers | C12: Non_ML_Org | D12: Manual Selection | E12: 1817 | F12: United States | G12: https://www.linkedin.com/company/harpercollins/ | H12: {=XLOOKUP(A12,linkedIn_filter_evaluation!A:A,linkedIn_filter_evaluation!F:J)} | I12: 7 | J12: 8 | K12: 0 | L12: 1300 | M12: {=XLOOKUP(A12,llm_based_evaluation!A:A,llm_based_evaluation!C:K)} | N12: 2640 | O12: 0 | P12: 2641 | Q12: 2641 | R12: 0 | S12: 2605 | T12: 2604 | U12: 1 | V12: =NOT(OR(H12>=N12*3, H12<=N12/3)) | W12: =H12>=10 | X12: =Max(I12:K12,O12,R12,U12)>=5 | Y12: =IF(H12>0, Max(I12:K12,O12,R12,U12)/H12>=0.01,FALSE) | Z12: TRUE
A13: comparator_32 | B13: Penguin Random House | C13: Non_ML_Org | D13: Manual Selection | E13: 2013 | F13: United States | G13: https://www.linkedin.com/company/penguin-random-house-publishing/ | H13: {=XLOOKUP(A13,linkedIn_filter_evaluation!A:A,linkedIn_filter_evaluation!F:J)} | I13: 18 | J13: 9 | K13: 1 | L13: 2400 | M13: {=XLOOKUP(A13,llm_based_evaluation!A:A,llm_based_evaluation!C:K)} | N13: 5230 | O13: 2 | P13: 5233 | Q13: 5231 | R13: 2 | S13: 5170 | T13: 5163 | U13: 7 | V13: =NOT(OR(H13>=N13*3, H13<=N13/3)) | W13: =H13>=10 | X13: =Max(I13:K13,O13,R13,U13)>=5 | Y13: =IF(H13>0, Max(I13:K13,O13,R13,U13)/H13>=0.01,FALSE) | Z13: TRUE
... A19: comparator_38 | B19: Burberry | C19: Non_ML_Org | D19: Manual Selection | E19: 1856 | F19: United Kingdom | G19: https://www.linkedin.com/company/burberry/ | H19: {=XLOOKUP(A19,linkedIn_filter_evaluation!A:A,linkedIn_filter_evaluation!F:J)} | I19: 5 | J19: 2 | K19: 0 | L19: 2400 | M19: {=XLOOKUP(A19,llm_based_evaluation!A:A,llm_based_evaluation!C:K)} | N19: 7322 | O19: 1 | P19: 7328 | Q19: 7327 | R19: 1 | S19: 7238 | T19: 7236 | U19: 2 | V19: =NOT(OR(H19>=N19*3, H19<=N19/3)) | W19: =H19>=10 | X19: =Max(I19:K19,O19,R19,U19)>=5 | Y19: =IF(H19>0, Max(I19:K19,O19,R19,U19)/H19>=0.01,FALSE) | Z19: TRUE
